﻿{"data":[{"Properties":{"domain":"CORP.COM","name":"ADMINISTRATOR@CORP.COM","distinguishedname":"CN=ADMINISTRATOR,CN=USERS,DC=CORP,DC=COM","domainsid":"S-1-5-21-4038953314-3014849035-1274281563","highvalue":false,"samaccountname":"Administrator","description":"Built-in account for administering the computer/domain","whencreated":1565862149,"sensitive":false,"dontreqpreauth":false,"passwordnotreqd":false,"unconstraineddelegation":false,"pwdneverexpires":true,"enabled":true,"trustedtoauth":false,"lastlogon":1674566226,"lastlogontimestamp":1674566225,"pwdlastset":1580943138,"serviceprincipalnames":[],"hasspn":false,"displayname":null,"email":null,"title":null,"homedirectory":null,"userpassword":null,"unixpassword":null,"unicodepassword":null,"sfupassword":null,"logonscript":null,"admincount":true,"sidhistory":[]},"AllowedToDelegate":[],"PrimaryGroupSID":"S-1-5-21-4038953314-3014849035-1274281563-513","HasSIDHistory":[],"SPNTargets":[],"Aces":[{"PrincipalSID":"S-1-5-21-4038953314-3014849035-1274281563-512","PrincipalType":"Group","RightName":"Owns","IsInherited":false},{"PrincipalSID":"CORP.COM-S-1-5-32-544","PrincipalType":"Group","RightName":"WriteDacl","IsInherited":false},{"PrincipalSID":"CORP.COM-S-1-5-32-544","PrincipalType":"Group","RightName":"WriteOwner","IsInherited":false},{"PrincipalSID":"CORP.COM-S-1-5-32-544","PrincipalType":"Group","RightName":"AllExtendedRights","IsInherited":false},{"PrincipalSID":"CORP.COM-S-1-5-32-544","PrincipalType":"Group","RightName":"GenericWrite","IsInherited":false},{"PrincipalSID":"S-1-5-21-4038953314-3014849035-1274281563-512","PrincipalType":"Group","RightName":"WriteDacl","IsInherited":false},{"PrincipalSID":"S-1-5-21-4038953314-3014849035-1274281563-512","PrincipalType":"Group","RightName":"WriteOwner","IsInherited":false},{"PrincipalSID":"S-1-5-21-4038953314-3014849035-1274281563-512","PrincipalType":"Group","RightName":"AllExtendedRights","IsInherited":false},{"PrincipalSID":"S-1-5-21-4038953314-3014849035-1274281563-512","PrincipalType":"Group","RightName":"GenericWrite","IsInherited":false},{"PrincipalSID":"S-1-5-21-4038953314-3014849035-1274281563-519","PrincipalType":"Group","RightName":"WriteDacl","IsInherited":false},{"PrincipalSID":"S-1-5-21-4038953314-3014849035-1274281563-519","PrincipalType":"Group","RightName":"WriteOwner","IsInherited":false},{"PrincipalSID":"S-1-5-21-4038953314-3014849035-1274281563-519","PrincipalType":"Group","RightName":"AllExtendedRights","IsInherited":false},{"PrincipalSID":"S-1-5-21-4038953314-3014849035-1274281563-519","PrincipalType":"Group","RightName":"GenericWrite","IsInherited":false}],"ObjectIdentifier":"S-1-5-21-4038953314-3014849035-1274281563-500","IsDeleted":false,"IsACLProtected":true},{"Properties":{"domain":"CORP.COM","name":"DEFAULTACCOUNT@CORP.COM","distinguishedname":"CN=DEFAULTACCOUNT,CN=USERS,DC=CORP,DC=COM","domainsid":"S-1-5-21-4038953314-3014849035-1274281563","highvalue":false,"samaccountname":"DefaultAccount","description":"A user account managed by the system.","whencreated":1565862149,"sensitive":false,"dontreqpreauth":false,"passwordnotreqd":true,"unconstraineddelegation":false,"pwdneverexpires":true,"enabled":false,"trustedtoauth":false,"lastlogon":0,"lastlogontimestamp":-1,"pwdlastset":0,"serviceprincipalnames":[],"hasspn":false,"displayname":null,"email":null,"title":null,"homedirectory":null,"userpassword":null,"unixpassword":null,"unicodepassword":null,"sfupassword":null,"logonscript":null,"admincount":false,"sidhistory":[]},"AllowedToDelegate":[],"PrimaryGroupSID":"S-1-5-21-4038953314-3014849035-1274281563-513","HasSIDHistory":[],"SPNTargets":[],"Aces":[{"PrincipalSID":"CORP.COM-S-1-5-32-544","PrincipalType":"Group","RightName":"Owns","IsInherited":false},{"PrincipalSID":"CORP.COM-S-1-5-32-548","PrincipalType":"Group","RightName":"GenericAll","IsInherited":false},{"PrincipalSID":"S-1-5-21-4038953314-3014849035-1274281563-512","PrincipalType":"Group","RightName":"GenericAll","IsInherited":false},{"PrincipalSID":"S-1-5-21-4038953314-3014849035-1274281563-526","PrincipalType":"Group","RightName":"AddKeyCredentialLink","IsInherited":true},{"PrincipalSID":"S-1-5-21-4038953314-3014849035-1274281563-527","PrincipalType":"Group","RightName":"AddKeyCredentialLink","IsInherited":true},{"PrincipalSID":"S-1-5-21-4038953314-3014849035-1274281563-519","PrincipalType":"Group","RightName":"GenericAll","IsInherited":true},{"PrincipalSID":"CORP.COM-S-1-5-32-544","PrincipalType":"Group","RightName":"WriteDacl","IsInherited":true},{"PrincipalSID":"CORP.COM-S-1-5-32-544","PrincipalType":"Group","RightName":"WriteOwner","IsInherited":true},{"PrincipalSID":"CORP.COM-S-1-5-32-544","PrincipalType":"Group","RightName":"AllExtendedRights","IsInherited":true},{"PrincipalSID":"CORP.COM-S-1-5-32-544","PrincipalType":"Group","RightName":"GenericWrite","IsInherited":true}],"ObjectIdentifier":"S-1-5-21-4038953314-3014849035-1274281563-503","IsDeleted":false,"IsACLProtected":false},{"Properties":{"domain":"CORP.COM","name":"KRBTGT@CORP.COM","distinguishedname":"CN=KRBTGT,CN=USERS,DC=CORP,DC=COM","domainsid":"S-1-5-21-4038953314-3014849035-1274281563","highvalue":false,"samaccountname":"krbtgt","description":"Key Distribution Center Service Account","whencreated":1565862243,"sensitive":false,"dontreqpreauth":false,"passwordnotreqd":false,"unconstraineddelegation":false,"pwdneverexpires":false,"enabled":false,"trustedtoauth":false,"lastlogon":0,"lastlogontimestamp":-1,"pwdlastset":1565887443,"serviceprincipalnames":["kadmin/changepw"],"hasspn":true,"displayname":null,"email":null,"title":null,"homedirectory":null,"userpassword":null,"unixpassword":null,"unicodepassword":null,"sfupassword":null,"logonscript":null,"admincount":true,"sidhistory":[]},"AllowedToDelegate":[],"PrimaryGroupSID":"S-1-5-21-4038953314-3014849035-1274281563-513","HasSIDHistory":[],"SPNTargets":[],"Aces":[{"PrincipalSID":"S-1-5-21-4038953314-3014849035-1274281563-512","PrincipalType":"Group","RightName":"Owns","IsInherited":false},{"PrincipalSID":"CORP.COM-S-1-5-32-544","PrincipalType":"Group","RightName":"WriteDacl","IsInherited":false},{"PrincipalSID":"CORP.COM-S-1-5-32-544","PrincipalType":"Group","RightName":"WriteOwner","IsInherited":false},{"PrincipalSID":"CORP.COM-S-1-5-32-544","PrincipalType":"Group","RightName":"AllExtendedRights","IsInherited":false},{"PrincipalSID":"CORP.COM-S-1-5-32-544","PrincipalType":"Group","RightName":"GenericWrite","IsInherited":false},{"PrincipalSID":"S-1-5-21-4038953314-3014849035-1274281563-512","PrincipalType":"Group","RightName":"WriteDacl","IsInherited":false},{"PrincipalSID":"S-1-5-21-4038953314-3014849035-1274281563-512","PrincipalType":"Group","RightName":"WriteOwner","IsInherited":false},{"PrincipalSID":"S-1-5-21-4038953314-3014849035-1274281563-512","PrincipalType":"Group","RightName":"AllExtendedRights","IsInherited":false},{"PrincipalSID":"S-1-5-21-4038953314-3014849035-1274281563-512","PrincipalType":"Group","RightName":"GenericWrite","IsInherited":false},{"PrincipalSID":"S-1-5-21-4038953314-3014849035-1274281563-519","PrincipalType":"Group","RightName":"WriteDacl","IsInherited":false},{"PrincipalSID":"S-1-5-21-4038953314-3014849035-1274281563-519","PrincipalType":"Group","RightName":"WriteOwner","IsInherited":false},{"PrincipalSID":"S-1-5-21-4038953314-3014849035-1274281563-519","PrincipalType":"Group","RightName":"AllExtendedRights","IsInherited":false},{"PrincipalSID":"S-1-5-21-4038953314-3014849035-1274281563-519","PrincipalType":"Group","RightName":"GenericWrite","IsInherited":false}],"ObjectIdentifier":"S-1-5-21-4038953314-3014849035-1274281563-502","IsDeleted":false,"IsACLProtected":true},{"Properties":{"domain":"CORP.COM","name":"OFFSEC@CORP.COM","distinguishedname":"CN=OFFSEC,OU=ADMINS,OU=CORPUSERS,DC=CORP,DC=COM","domainsid":"S-1-5-21-4038953314-3014849035-1274281563","highvalue":false,"samaccountname":"offsec","description":null,"whencreated":1565862465,"sensitive":false,"dontreqpreauth":false,"passwordnotreqd":false,"unconstraineddelegation":false,"pwdneverexpires":true,"enabled":true,"trustedtoauth":false,"lastlogon":1674571126,"lastlogontimestamp":1674566719,"pwdlastset":1580943110,"serviceprincipalnames":[],"hasspn":false,"displayname":"Offsec","email":null,"title":null,"homedirectory":null,"userpassword":null,"unixpassword":null,"unicodepassword":null,"sfupassword":null,"logonscript":null,"admincount":false,"sidhistory":[]},"AllowedToDelegate":[],"PrimaryGroupSID":"S-1-5-21-4038953314-3014849035-1274281563-513","HasSIDHistory":[],"SPNTargets":[],"Aces":[{"PrincipalSID":"S-1-5-21-4038953314-3014849035-1274281563-512","PrincipalType":"Group","RightName":"Owns","IsInherited":false},{"PrincipalSID":"CORP.COM-S-1-5-32-548","PrincipalType":"Group","RightName":"GenericAll","IsInherited":false},{"PrincipalSID":"S-1-5-21-4038953314-3014849035-1274281563-512","PrincipalType":"Group","RightName":"GenericAll","IsInherited":false},{"PrincipalSID":"S-1-5-21-4038953314-3014849035-1274281563-526","PrincipalType":"Group","RightName":"AddKeyCredentialLink","IsInherited":true},{"PrincipalSID":"S-1-5-21-4038953314-3014849035-1274281563-527","PrincipalType":"Group","RightName":"AddKeyCredentialLink","IsInherited":true},{"PrincipalSID":"S-1-5-21-4038953314-3014849035-1274281563-519","PrincipalType":"Group","RightName":"GenericAll","IsInherited":true},{"PrincipalSID":"CORP.COM-S-1-5-32-544","PrincipalType":"Group","RightName":"WriteDacl","IsInherited":true},{"PrincipalSID":"CORP.COM-S-1-5-32-544","PrincipalType":"Group","RightName":"WriteOwner","IsInherited":true},{"PrincipalSID":"CORP.COM-S-1-5-32-544","PrincipalType":"Group","RightName":"AllExtendedRights","IsInherited":true},{"PrincipalSID":"CORP.COM-S-1-5-32-544","PrincipalType":"Group","RightName":"GenericWrite","IsInherited":true}],"ObjectIdentifier":"S-1-5-21-4038953314-3014849035-1274281563-1103","IsDeleted":false,"IsACLProtected":false},{"Properties":{"domain":"CORP.COM","name":"JEFF_ADMIN@CORP.COM","distinguishedname":"CN=JEFF_ADMIN,OU=ADMINS,OU=CORPUSERS,DC=CORP,DC=COM","domainsid":"S-1-5-21-4038953314-3014849035-1274281563","highvalue":false,"samaccountname":"jeff_admin","description":null,"whencreated":1565862465,"sensitive":false,"dontreqpreauth":false,"passwordnotreqd":false,"unconstraineddelegation":false,"pwdneverexpires":true,"enabled":true,"trustedtoauth":false,"lastlogon":1579669414,"lastlogontimestamp":1578984069,"pwdlastset":1580943130,"serviceprincipalnames":[],"hasspn":false,"displayname":"Jeff_Admin","email":null,"title":null,"homedirectory":null,"userpassword":null,"unixpassword":null,"unicodepassword":null,"sfupassword":null,"logonscript":null,"admincount":true,"sidhistory":[]},"AllowedToDelegate":[],"PrimaryGroupSID":"S-1-5-21-4038953314-3014849035-1274281563-513","HasSIDHistory":[],"SPNTargets":[],"Aces":[{"PrincipalSID":"S-1-5-21-4038953314-3014849035-1274281563-512","PrincipalType":"Group","RightName":"Owns","IsInherited":false},{"PrincipalSID":"CORP.COM-S-1-5-32-544","PrincipalType":"Group","RightName":"WriteDacl","IsInherited":false},{"PrincipalSID":"CORP.COM-S-1-5-32-544","PrincipalType":"Group","RightName":"WriteOwner","IsInherited":false},{"PrincipalSID":"CORP.COM-S-1-5-32-544","PrincipalType":"Group","RightName":"AllExtendedRights","IsInherited":false},{"PrincipalSID":"CORP.COM-S-1-5-32-544","PrincipalType":"Group","RightName":"GenericWrite","IsInherited":false},{"PrincipalSID":"S-1-5-21-4038953314-3014849035-1274281563-512","PrincipalType":"Group","RightName":"WriteDacl","IsInherited":false},{"PrincipalSID":"S-1-5-21-4038953314-3014849035-1274281563-512","PrincipalType":"Group","RightName":"WriteOwner","IsInherited":false},{"PrincipalSID":"S-1-5-21-4038953314-3014849035-1274281563-512","PrincipalType":"Group","RightName":"AllExtendedRights","IsInherited":false},{"PrincipalSID":"S-1-5-21-4038953314-3014849035-1274281563-512","PrincipalType":"Group","RightName":"GenericWrite","IsInherited":false},{"PrincipalSID":"S-1-5-21-4038953314-3014849035-1274281563-519","PrincipalType":"Group","RightName":"WriteDacl","IsInherited":false},{"PrincipalSID":"S-1-5-21-4038953314-3014849035-1274281563-519","PrincipalType":"Group","RightName":"WriteOwner","IsInherited":false},{"PrincipalSID":"S-1-5-21-4038953314-3014849035-1274281563-519","PrincipalType":"Group","RightName":"AllExtendedRights","IsInherited":false},{"PrincipalSID":"S-1-5-21-4038953314-3014849035-1274281563-519","PrincipalType":"Group","RightName":"GenericWrite","IsInherited":false}],"ObjectIdentifier":"S-1-5-21-4038953314-3014849035-1274281563-1104","IsDeleted":false,"IsACLProtected":true},{"Properties":{"domain":"CORP.COM","name":"ADAM@CORP.COM","distinguishedname":"CN=ADAM,OU=NORMAL,OU=CORPUSERS,DC=CORP,DC=COM","domainsid":"S-1-5-21-4038953314-3014849035-1274281563","highvalue":false,"samaccountname":"adam","description":null,"whencreated":1565862465,"sensitive":false,"dontreqpreauth":false,"passwordnotreqd":false,"unconstraineddelegation":false,"pwdneverexpires":true,"enabled":true,"trustedtoauth":false,"lastlogon":0,"lastlogontimestamp":-1,"pwdlastset":1565887665,"serviceprincipalnames":[],"hasspn":false,"displayname":"Adam","email":null,"title":null,"homedirectory":null,"userpassword":null,"unixpassword":null,"unicodepassword":null,"sfupassword":null,"logonscript":null,"admincount":false,"sidhistory":[]},"AllowedToDelegate":[],"PrimaryGroupSID":"S-1-5-21-4038953314-3014849035-1274281563-513","HasSIDHistory":[],"SPNTargets":[],"Aces":[{"PrincipalSID":"S-1-5-21-4038953314-3014849035-1274281563-512","PrincipalType":"Group","RightName":"Owns","IsInherited":false},{"PrincipalSID":"CORP.COM-S-1-5-32-548","PrincipalType":"Group","RightName":"GenericAll","IsInherited":false},{"PrincipalSID":"S-1-5-21-4038953314-3014849035-1274281563-512","PrincipalType":"Group","RightName":"GenericAll","IsInherited":false},{"PrincipalSID":"S-1-5-21-4038953314-3014849035-1274281563-526","PrincipalType":"Group","RightName":"AddKeyCredentialLink","IsInherited":true},{"PrincipalSID":"S-1-5-21-4038953314-3014849035-1274281563-527","PrincipalType":"Group","RightName":"AddKeyCredentialLink","IsInherited":true},{"PrincipalSID":"S-1-5-21-4038953314-3014849035-1274281563-519","PrincipalType":"Group","RightName":"GenericAll","IsInherited":true},{"PrincipalSID":"CORP.COM-S-1-5-32-544","PrincipalType":"Group","RightName":"WriteDacl","IsInherited":true},{"PrincipalSID":"CORP.COM-S-1-5-32-544","PrincipalType":"Group","RightName":"WriteOwner","IsInherited":true},{"PrincipalSID":"CORP.COM-S-1-5-32-544","PrincipalType":"Group","RightName":"AllExtendedRights","IsInherited":true},{"PrincipalSID":"CORP.COM-S-1-5-32-544","PrincipalType":"Group","RightName":"GenericWrite","IsInherited":true}],"ObjectIdentifier":"S-1-5-21-4038953314-3014849035-1274281563-1105","IsDeleted":false,"IsACLProtected":false},{"Properties":{"domain":"CORP.COM","name":"IIS_SERVICE@CORP.COM","distinguishedname":"CN=IIS_SERVICE,OU=SERVICEACCOUNTS,OU=CORPUSERS,DC=CORP,DC=COM","domainsid":"S-1-5-21-4038953314-3014849035-1274281563","highvalue":false,"samaccountname":"iis_service","description":null,"whencreated":1565862465,"sensitive":false,"dontreqpreauth":false,"passwordnotreqd":false,"unconstraineddelegation":true,"pwdneverexpires":true,"enabled":true,"trustedtoauth":false,"lastlogon":0,"lastlogontimestamp":-1,"pwdlastset":1565887665,"serviceprincipalnames":["HTTP/CorpWebServer.corp.com"],"hasspn":true,"displayname":"iis_service","email":null,"title":null,"homedirectory":null,"userpassword":null,"unixpassword":null,"unicodepassword":null,"sfupassword":null,"logonscript":null,"admincount":false,"sidhistory":[]},"AllowedToDelegate":[],"PrimaryGroupSID":"S-1-5-21-4038953314-3014849035-1274281563-513","HasSIDHistory":[],"SPNTargets":[],"Aces":[{"PrincipalSID":"S-1-5-21-4038953314-3014849035-1274281563-512","PrincipalType":"Group","RightName":"Owns","IsInherited":false},{"PrincipalSID":"CORP.COM-S-1-5-32-548","PrincipalType":"Group","RightName":"GenericAll","IsInherited":false},{"PrincipalSID":"S-1-5-21-4038953314-3014849035-1274281563-512","PrincipalType":"Group","RightName":"GenericAll","IsInherited":false},{"PrincipalSID":"S-1-5-21-4038953314-3014849035-1274281563-526","PrincipalType":"Group","RightName":"AddKeyCredentialLink","IsInherited":true},{"PrincipalSID":"S-1-5-21-4038953314-3014849035-1274281563-527","PrincipalType":"Group","RightName":"AddKeyCredentialLink","IsInherited":true},{"PrincipalSID":"S-1-5-21-4038953314-3014849035-1274281563-519","PrincipalType":"Group","RightName":"GenericAll","IsInherited":true},{"PrincipalSID":"CORP.COM-S-1-5-32-544","PrincipalType":"Group","RightName":"WriteDacl","IsInherited":true},{"PrincipalSID":"CORP.COM-S-1-5-32-544","PrincipalType":"Group","RightName":"WriteOwner","IsInherited":true},{"PrincipalSID":"CORP.COM-S-1-5-32-544","PrincipalType":"Group","RightName":"AllExtendedRights","IsInherited":true},{"PrincipalSID":"CORP.COM-S-1-5-32-544","PrincipalType":"Group","RightName":"GenericWrite","IsInherited":true}],"ObjectIdentifier":"S-1-5-21-4038953314-3014849035-1274281563-1106","IsDeleted":false,"IsACLProtected":false},{"Properties":{"domain":"CORP.COM","name":"GUEST@CORP.COM","distinguishedname":"CN=GUEST,CN=USERS,DC=CORP,DC=COM","domainsid":"S-1-5-21-4038953314-3014849035-1274281563","highvalue":false,"samaccountname":"Guest","description":"Built-in account for guest access to the computer/domain","whencreated":1565862149,"sensitive":false,"dontreqpreauth":false,"passwordnotreqd":true,"unconstraineddelegation":false,"pwdneverexpires":true,"enabled":false,"trustedtoauth":false,"lastlogon":0,"lastlogontimestamp":-1,"pwdlastset":0,"serviceprincipalnames":[],"hasspn":false,"displayname":null,"email":null,"title":null,"homedirectory":null,"userpassword":null,"unixpassword":null,"unicodepassword":null,"sfupassword":null,"logonscript":null,"admincount":false,"sidhistory":[]},"AllowedToDelegate":[],"PrimaryGroupSID":"S-1-5-21-4038953314-3014849035-1274281563-514","HasSIDHistory":[],"SPNTargets":[],"Aces":[{"PrincipalSID":"CORP.COM-S-1-5-32-544","PrincipalType":"Group","RightName":"Owns","IsInherited":false},{"PrincipalSID":"CORP.COM-S-1-5-32-548","PrincipalType":"Group","RightName":"GenericAll","IsInherited":false},{"PrincipalSID":"S-1-5-21-4038953314-3014849035-1274281563-512","PrincipalType":"Group","RightName":"GenericAll","IsInherited":false},{"PrincipalSID":"S-1-5-21-4038953314-3014849035-1274281563-526","PrincipalType":"Group","RightName":"AddKeyCredentialLink","IsInherited":true},{"PrincipalSID":"S-1-5-21-4038953314-3014849035-1274281563-527","PrincipalType":"Group","RightName":"AddKeyCredentialLink","IsInherited":true},{"PrincipalSID":"S-1-5-21-4038953314-3014849035-1274281563-519","PrincipalType":"Group","RightName":"GenericAll","IsInherited":true},{"PrincipalSID":"CORP.COM-S-1-5-32-544","PrincipalType":"Group","RightName":"WriteDacl","IsInherited":true},{"PrincipalSID":"CORP.COM-S-1-5-32-544","PrincipalType":"Group","RightName":"WriteOwner","IsInherited":true},{"PrincipalSID":"CORP.COM-S-1-5-32-544","PrincipalType":"Group","RightName":"AllExtendedRights","IsInherited":true},{"PrincipalSID":"CORP.COM-S-1-5-32-544","PrincipalType":"Group","RightName":"GenericWrite","IsInherited":true}],"ObjectIdentifier":"S-1-5-21-4038953314-3014849035-1274281563-501","IsDeleted":false,"IsACLProtected":false},{"Properties":{"domain":"CORP.COM","name":"SQL_SERVICE@CORP.COM","distinguishedname":"CN=SQL_SERVICE,OU=SERVICEACCOUNTS,OU=CORPUSERS,DC=CORP,DC=COM","domainsid":"S-1-5-21-4038953314-3014849035-1274281563","highvalue":false,"samaccountname":"sql_service","description":null,"whencreated":1565862466,"sensitive":false,"dontreqpreauth":false,"passwordnotreqd":false,"unconstraineddelegation":false,"pwdneverexpires":true,"enabled":true,"trustedtoauth":false,"lastlogon":0,"lastlogontimestamp":-1,"pwdlastset":1565887666,"serviceprincipalnames":["MSSQLSvc/CorpSqlServer.corp.com:1433"],"hasspn":true,"displayname":"sql_service","email":null,"title":null,"homedirectory":null,"userpassword":null,"unixpassword":null,"unicodepassword":null,"sfupassword":null,"logonscript":null,"admincount":true,"sidhistory":[]},"AllowedToDelegate":[],"PrimaryGroupSID":"S-1-5-21-4038953314-3014849035-1274281563-513","HasSIDHistory":[],"SPNTargets":[],"Aces":[{"PrincipalSID":"S-1-5-21-4038953314-3014849035-1274281563-512","PrincipalType":"Group","RightName":"Owns","IsInherited":false},{"PrincipalSID":"CORP.COM-S-1-5-32-544","PrincipalType":"Group","RightName":"WriteDacl","IsInherited":false},{"PrincipalSID":"CORP.COM-S-1-5-32-544","PrincipalType":"Group","RightName":"WriteOwner","IsInherited":false},{"PrincipalSID":"CORP.COM-S-1-5-32-544","PrincipalType":"Group","RightName":"AllExtendedRights","IsInherited":false},{"PrincipalSID":"CORP.COM-S-1-5-32-544","PrincipalType":"Group","RightName":"GenericWrite","IsInherited":false},{"PrincipalSID":"S-1-5-21-4038953314-3014849035-1274281563-512","PrincipalType":"Group","RightName":"WriteDacl","IsInherited":false},{"PrincipalSID":"S-1-5-21-4038953314-3014849035-1274281563-512","PrincipalType":"Group","RightName":"WriteOwner","IsInherited":false},{"PrincipalSID":"S-1-5-21-4038953314-3014849035-1274281563-512","PrincipalType":"Group","RightName":"AllExtendedRights","IsInherited":false},{"PrincipalSID":"S-1-5-21-4038953314-3014849035-1274281563-512","PrincipalType":"Group","RightName":"GenericWrite","IsInherited":false},{"PrincipalSID":"S-1-5-21-4038953314-3014849035-1274281563-519","PrincipalType":"Group","RightName":"WriteDacl","IsInherited":false},{"PrincipalSID":"S-1-5-21-4038953314-3014849035-1274281563-519","PrincipalType":"Group","RightName":"WriteOwner","IsInherited":false},{"PrincipalSID":"S-1-5-21-4038953314-3014849035-1274281563-519","PrincipalType":"Group","RightName":"AllExtendedRights","IsInherited":false},{"PrincipalSID":"S-1-5-21-4038953314-3014849035-1274281563-519","PrincipalType":"Group","RightName":"GenericWrite","IsInherited":false}],"ObjectIdentifier":"S-1-5-21-4038953314-3014849035-1274281563-1107","IsDeleted":false,"IsACLProtected":true}],"meta":{"methods":29695,"type":"users","count":9,"version":5}}