﻿{"data":[{"GPOChanges":{"LocalAdmins":[],"RemoteDesktopUsers":[],"DcomUsers":[],"PSRemoteUsers":[],"AffectedComputers":[{"ObjectIdentifier":"S-1-5-21-4038953314-3014849035-1274281563-1000","ObjectType":"Computer"},{"ObjectIdentifier":"S-1-5-21-4038953314-3014849035-1274281563-3101","ObjectType":"Computer"}]},"Properties":{"domain":"CORP.COM","name":"CORP.COM","distinguishedname":"DC=CORP,DC=COM","domainsid":"S-1-5-21-4038953314-3014849035-1274281563","highvalue":true,"description":null,"whencreated":1565862137,"functionallevel":"2016"},"ChildObjects":[{"ObjectIdentifier":"983B3DF6-5C4F-475F-8AA3-3EA1D2A7224D","ObjectType":"Container"},{"ObjectIdentifier":"50F7F72B-9F62-4CC0-9F56-4C0A317E6B94","ObjectType":"OU"},{"ObjectIdentifier":"67980A34-0D6E-4C6F-BF90-285E8BFE81C0","ObjectType":"OU"},{"ObjectIdentifier":"BF0248CC-F4AF-4349-ADEC-7FC500CE5D8B","ObjectType":"OU"},{"ObjectIdentifier":"C1B23C09-BEC8-4401-AEDB-D9262CBC6388","ObjectType":"OU"},{"ObjectIdentifier":"869180FD-85B9-45D4-8862-3798DAB53ACC","ObjectType":"Container"},{"ObjectIdentifier":"11CD89DA-A767-4B10-BCE7-92F5CFD628A4","ObjectType":"Container"},{"ObjectIdentifier":"6DCFB2F3-B6A1-44D0-8CF0-E3C8EE25BF1D","ObjectType":"Container"}],"Trusts":[],"Links":[{"IsEnforced":false,"GUID":"80D8BBA7-16CC-4840-9E0B-C7A38EAA0289"}],"Aces":[{"PrincipalSID":"CORP.COM-S-1-5-32-544","PrincipalType":"Group","RightName":"Owns","IsInherited":false},{"PrincipalSID":"CORP.COM-S-1-5-32-544","PrincipalType":"Group","RightName":"WriteDacl","IsInherited":false},{"PrincipalSID":"CORP.COM-S-1-5-32-544","PrincipalType":"Group","RightName":"WriteOwner","IsInherited":false},{"PrincipalSID":"CORP.COM-S-1-5-32-544","PrincipalType":"Group","RightName":"AllExtendedRights","IsInherited":false},{"PrincipalSID":"S-1-5-21-4038953314-3014849035-1274281563-512","PrincipalType":"Group","RightName":"WriteDacl","IsInherited":false},{"PrincipalSID":"S-1-5-21-4038953314-3014849035-1274281563-512","PrincipalType":"Group","RightName":"WriteOwner","IsInherited":false},{"PrincipalSID":"S-1-5-21-4038953314-3014849035-1274281563-512","PrincipalType":"Group","RightName":"AllExtendedRights","IsInherited":false},{"PrincipalSID":"S-1-5-21-4038953314-3014849035-1274281563-519","PrincipalType":"Group","RightName":"GenericAll","IsInherited":false},{"PrincipalSID":"CORP.COM-S-1-5-9","PrincipalType":"Group","RightName":"GetChanges","IsInherited":false},{"PrincipalSID":"CORP.COM-S-1-5-9","PrincipalType":"Group","RightName":"GetChangesInFilteredSet","IsInherited":false},{"PrincipalSID":"CORP.COM-S-1-5-32-544","PrincipalType":"Group","RightName":"GetChangesAll","IsInherited":false},{"PrincipalSID":"CORP.COM-S-1-5-32-544","PrincipalType":"Group","RightName":"GetChanges","IsInherited":false},{"PrincipalSID":"CORP.COM-S-1-5-32-544","PrincipalType":"Group","RightName":"GetChangesInFilteredSet","IsInherited":false},{"PrincipalSID":"S-1-5-21-4038953314-3014849035-1274281563-498","PrincipalType":"Group","RightName":"GetChanges","IsInherited":false},{"PrincipalSID":"S-1-5-21-4038953314-3014849035-1274281563-516","PrincipalType":"Group","RightName":"GetChangesAll","IsInherited":false}],"ObjectIdentifier":"S-1-5-21-4038953314-3014849035-1274281563","IsDeleted":false,"IsACLProtected":false}],"meta":{"methods":29695,"type":"domains","count":1,"version":5}}