﻿{"data":[{"GPOChanges":{"LocalAdmins":[],"RemoteDesktopUsers":[],"DcomUsers":[],"PSRemoteUsers":[],"AffectedComputers":[]},"Properties":{"domain":"CORP.COM","name":"WORKSTATIONS@CORP.COM","distinguishedname":"OU=WORKSTATIONS,OU=CORPCOMPUTERS,DC=CORP,DC=COM","domainsid":"S-1-5-21-4038953314-3014849035-1274281563","highvalue":false,"description":null,"whencreated":1565862465,"blocksinheritance":false},"Links":[],"ChildObjects":[{"ObjectIdentifier":"S-1-5-21-4038953314-3014849035-1274281563-3101","ObjectType":"Computer"}],"Aces":[{"PrincipalSID":"S-1-5-21-4038953314-3014849035-1274281563-512","PrincipalType":"Group","RightName":"Owns","IsInherited":false},{"PrincipalSID":"S-1-5-21-4038953314-3014849035-1274281563-512","PrincipalType":"Group","RightName":"GenericAll","IsInherited":false},{"PrincipalSID":"S-1-5-21-4038953314-3014849035-1274281563-519","PrincipalType":"Group","RightName":"GenericAll","IsInherited":true},{"PrincipalSID":"CORP.COM-S-1-5-32-544","PrincipalType":"Group","RightName":"WriteDacl","IsInherited":true},{"PrincipalSID":"CORP.COM-S-1-5-32-544","PrincipalType":"Group","RightName":"WriteOwner","IsInherited":true}],"ObjectIdentifier":"E03229B4-B1BD-4C9E-8884-8D5FE16291A0","IsDeleted":false,"IsACLProtected":false},{"GPOChanges":{"LocalAdmins":[],"RemoteDesktopUsers":[],"DcomUsers":[],"PSRemoteUsers":[],"AffectedComputers":[]},"Properties":{"domain":"CORP.COM","name":"SERVICEACCOUNTS@CORP.COM","distinguishedname":"OU=SERVICEACCOUNTS,OU=CORPUSERS,DC=CORP,DC=COM","domainsid":"S-1-5-21-4038953314-3014849035-1274281563","highvalue":false,"description":null,"whencreated":1565862465,"blocksinheritance":false},"Links":[],"ChildObjects":[{"ObjectIdentifier":"S-1-5-21-4038953314-3014849035-1274281563-1106","ObjectType":"User"},{"ObjectIdentifier":"S-1-5-21-4038953314-3014849035-1274281563-1107","ObjectType":"User"}],"Aces":[{"PrincipalSID":"S-1-5-21-4038953314-3014849035-1274281563-512","PrincipalType":"Group","RightName":"Owns","IsInherited":false},{"PrincipalSID":"S-1-5-21-4038953314-3014849035-1274281563-512","PrincipalType":"Group","RightName":"GenericAll","IsInherited":false},{"PrincipalSID":"S-1-5-21-4038953314-3014849035-1274281563-519","PrincipalType":"Group","RightName":"GenericAll","IsInherited":true},{"PrincipalSID":"CORP.COM-S-1-5-32-544","PrincipalType":"Group","RightName":"WriteDacl","IsInherited":true},{"PrincipalSID":"CORP.COM-S-1-5-32-544","PrincipalType":"Group","RightName":"WriteOwner","IsInherited":true}],"ObjectIdentifier":"19984717-9129-4FF7-8EE9-7D66489FBEA3","IsDeleted":false,"IsACLProtected":false},{"GPOChanges":{"LocalAdmins":[],"RemoteDesktopUsers":[],"DcomUsers":[],"PSRemoteUsers":[],"AffectedComputers":[]},"Properties":{"domain":"CORP.COM","name":"CORPGROUPS@CORP.COM","distinguishedname":"OU=CORPGROUPS,DC=CORP,DC=COM","domainsid":"S-1-5-21-4038953314-3014849035-1274281563","highvalue":false,"description":null,"whencreated":1565862464,"blocksinheritance":false},"Links":[],"ChildObjects":[{"ObjectIdentifier":"S-1-5-21-4038953314-3014849035-1274281563-1110","ObjectType":"Group"},{"ObjectIdentifier":"S-1-5-21-4038953314-3014849035-1274281563-1109","ObjectType":"Group"},{"ObjectIdentifier":"S-1-5-21-4038953314-3014849035-1274281563-1108","ObjectType":"Group"}],"Aces":[{"PrincipalSID":"S-1-5-21-4038953314-3014849035-1274281563-512","PrincipalType":"Group","RightName":"Owns","IsInherited":false},{"PrincipalSID":"S-1-5-21-4038953314-3014849035-1274281563-512","PrincipalType":"Group","RightName":"GenericAll","IsInherited":false},{"PrincipalSID":"S-1-5-21-4038953314-3014849035-1274281563-519","PrincipalType":"Group","RightName":"GenericAll","IsInherited":true},{"PrincipalSID":"CORP.COM-S-1-5-32-544","PrincipalType":"Group","RightName":"WriteDacl","IsInherited":true},{"PrincipalSID":"CORP.COM-S-1-5-32-544","PrincipalType":"Group","RightName":"WriteOwner","IsInherited":true}],"ObjectIdentifier":"67980A34-0D6E-4C6F-BF90-285E8BFE81C0","IsDeleted":false,"IsACLProtected":false},{"GPOChanges":{"LocalAdmins":[],"RemoteDesktopUsers":[],"DcomUsers":[],"PSRemoteUsers":[],"AffectedComputers":[]},"Properties":{"domain":"CORP.COM","name":"CORPUSERS@CORP.COM","distinguishedname":"OU=CORPUSERS,DC=CORP,DC=COM","domainsid":"S-1-5-21-4038953314-3014849035-1274281563","highvalue":false,"description":null,"whencreated":1565862465,"blocksinheritance":false},"Links":[],"ChildObjects":[{"ObjectIdentifier":"93C83DB5-2EBE-4E0D-AB39-D5D98B3C35F2","ObjectType":"OU"},{"ObjectIdentifier":"73164BB5-D81A-4BFB-8872-8FB49564EBF0","ObjectType":"OU"},{"ObjectIdentifier":"19984717-9129-4FF7-8EE9-7D66489FBEA3","ObjectType":"OU"}],"Aces":[{"PrincipalSID":"S-1-5-21-4038953314-3014849035-1274281563-512","PrincipalType":"Group","RightName":"Owns","IsInherited":false},{"PrincipalSID":"S-1-5-21-4038953314-3014849035-1274281563-512","PrincipalType":"Group","RightName":"GenericAll","IsInherited":false},{"PrincipalSID":"S-1-5-21-4038953314-3014849035-1274281563-519","PrincipalType":"Group","RightName":"GenericAll","IsInherited":true},{"PrincipalSID":"CORP.COM-S-1-5-32-544","PrincipalType":"Group","RightName":"WriteDacl","IsInherited":true},{"PrincipalSID":"CORP.COM-S-1-5-32-544","PrincipalType":"Group","RightName":"WriteOwner","IsInherited":true}],"ObjectIdentifier":"BF0248CC-F4AF-4349-ADEC-7FC500CE5D8B","IsDeleted":false,"IsACLProtected":false},{"GPOChanges":{"LocalAdmins":[],"RemoteDesktopUsers":[],"DcomUsers":[],"PSRemoteUsers":[],"AffectedComputers":[]},"Properties":{"domain":"CORP.COM","name":"ADMINS@CORP.COM","distinguishedname":"OU=ADMINS,OU=CORPUSERS,DC=CORP,DC=COM","domainsid":"S-1-5-21-4038953314-3014849035-1274281563","highvalue":false,"description":null,"whencreated":1565862465,"blocksinheritance":false},"Links":[],"ChildObjects":[{"ObjectIdentifier":"S-1-5-21-4038953314-3014849035-1274281563-1104","ObjectType":"User"},{"ObjectIdentifier":"S-1-5-21-4038953314-3014849035-1274281563-1103","ObjectType":"User"}],"Aces":[{"PrincipalSID":"S-1-5-21-4038953314-3014849035-1274281563-512","PrincipalType":"Group","RightName":"Owns","IsInherited":false},{"PrincipalSID":"S-1-5-21-4038953314-3014849035-1274281563-512","PrincipalType":"Group","RightName":"GenericAll","IsInherited":false},{"PrincipalSID":"S-1-5-21-4038953314-3014849035-1274281563-519","PrincipalType":"Group","RightName":"GenericAll","IsInherited":true},{"PrincipalSID":"CORP.COM-S-1-5-32-544","PrincipalType":"Group","RightName":"WriteDacl","IsInherited":true},{"PrincipalSID":"CORP.COM-S-1-5-32-544","PrincipalType":"Group","RightName":"WriteOwner","IsInherited":true}],"ObjectIdentifier":"93C83DB5-2EBE-4E0D-AB39-D5D98B3C35F2","IsDeleted":false,"IsACLProtected":false},{"GPOChanges":{"LocalAdmins":[],"RemoteDesktopUsers":[],"DcomUsers":[],"PSRemoteUsers":[],"AffectedComputers":[]},"Properties":{"domain":"CORP.COM","name":"NORMAL@CORP.COM","distinguishedname":"OU=NORMAL,OU=CORPUSERS,DC=CORP,DC=COM","domainsid":"S-1-5-21-4038953314-3014849035-1274281563","highvalue":false,"description":null,"whencreated":1565862465,"blocksinheritance":false},"Links":[],"ChildObjects":[{"ObjectIdentifier":"S-1-5-21-4038953314-3014849035-1274281563-1105","ObjectType":"User"}],"Aces":[{"PrincipalSID":"S-1-5-21-4038953314-3014849035-1274281563-512","PrincipalType":"Group","RightName":"Owns","IsInherited":false},{"PrincipalSID":"S-1-5-21-4038953314-3014849035-1274281563-512","PrincipalType":"Group","RightName":"GenericAll","IsInherited":false},{"PrincipalSID":"S-1-5-21-4038953314-3014849035-1274281563-519","PrincipalType":"Group","RightName":"GenericAll","IsInherited":true},{"PrincipalSID":"CORP.COM-S-1-5-32-544","PrincipalType":"Group","RightName":"WriteDacl","IsInherited":true},{"PrincipalSID":"CORP.COM-S-1-5-32-544","PrincipalType":"Group","RightName":"WriteOwner","IsInherited":true}],"ObjectIdentifier":"73164BB5-D81A-4BFB-8872-8FB49564EBF0","IsDeleted":false,"IsACLProtected":false},{"GPOChanges":{"LocalAdmins":[],"RemoteDesktopUsers":[],"DcomUsers":[],"PSRemoteUsers":[],"AffectedComputers":[]},"Properties":{"domain":"CORP.COM","name":"CORPCOMPUTERS@CORP.COM","distinguishedname":"OU=CORPCOMPUTERS,DC=CORP,DC=COM","domainsid":"S-1-5-21-4038953314-3014849035-1274281563","highvalue":false,"description":null,"whencreated":1565862465,"blocksinheritance":false},"Links":[],"ChildObjects":[{"ObjectIdentifier":"B7D24A26-066D-475C-ADA3-002A75790E4A","ObjectType":"OU"},{"ObjectIdentifier":"E03229B4-B1BD-4C9E-8884-8D5FE16291A0","ObjectType":"OU"}],"Aces":[{"PrincipalSID":"S-1-5-21-4038953314-3014849035-1274281563-512","PrincipalType":"Group","RightName":"Owns","IsInherited":false},{"PrincipalSID":"S-1-5-21-4038953314-3014849035-1274281563-512","PrincipalType":"Group","RightName":"GenericAll","IsInherited":false},{"PrincipalSID":"S-1-5-21-4038953314-3014849035-1274281563-519","PrincipalType":"Group","RightName":"GenericAll","IsInherited":true},{"PrincipalSID":"CORP.COM-S-1-5-32-544","PrincipalType":"Group","RightName":"WriteDacl","IsInherited":true},{"PrincipalSID":"CORP.COM-S-1-5-32-544","PrincipalType":"Group","RightName":"WriteOwner","IsInherited":true}],"ObjectIdentifier":"50F7F72B-9F62-4CC0-9F56-4C0A317E6B94","IsDeleted":false,"IsACLProtected":false},{"GPOChanges":{"LocalAdmins":[],"RemoteDesktopUsers":[],"DcomUsers":[],"PSRemoteUsers":[],"AffectedComputers":[]},"Properties":{"domain":"CORP.COM","name":"SERVERS@CORP.COM","distinguishedname":"OU=SERVERS,OU=CORPCOMPUTERS,DC=CORP,DC=COM","domainsid":"S-1-5-21-4038953314-3014849035-1274281563","highvalue":false,"description":null,"whencreated":1565862465,"blocksinheritance":false},"Links":[],"ChildObjects":[],"Aces":[{"PrincipalSID":"S-1-5-21-4038953314-3014849035-1274281563-512","PrincipalType":"Group","RightName":"Owns","IsInherited":false},{"PrincipalSID":"S-1-5-21-4038953314-3014849035-1274281563-512","PrincipalType":"Group","RightName":"GenericAll","IsInherited":false},{"PrincipalSID":"S-1-5-21-4038953314-3014849035-1274281563-519","PrincipalType":"Group","RightName":"GenericAll","IsInherited":true},{"PrincipalSID":"CORP.COM-S-1-5-32-544","PrincipalType":"Group","RightName":"WriteDacl","IsInherited":true},{"PrincipalSID":"CORP.COM-S-1-5-32-544","PrincipalType":"Group","RightName":"WriteOwner","IsInherited":true}],"ObjectIdentifier":"B7D24A26-066D-475C-ADA3-002A75790E4A","IsDeleted":false,"IsACLProtected":false},{"GPOChanges":{"LocalAdmins":[],"RemoteDesktopUsers":[],"DcomUsers":[],"PSRemoteUsers":[],"AffectedComputers":[{"ObjectIdentifier":"S-1-5-21-4038953314-3014849035-1274281563-1000","ObjectType":"Computer"}]},"Properties":{"domain":"CORP.COM","name":"DOMAIN CONTROLLERS@CORP.COM","distinguishedname":"OU=DOMAIN CONTROLLERS,DC=CORP,DC=COM","domainsid":"S-1-5-21-4038953314-3014849035-1274281563","highvalue":false,"description":"Default container for domain controllers","whencreated":1565862148,"blocksinheritance":false},"Links":[{"IsEnforced":false,"GUID":"C423F037-2763-416F-9347-6BEB067CCB97"}],"ChildObjects":[{"ObjectIdentifier":"S-1-5-21-4038953314-3014849035-1274281563-1000","ObjectType":"Computer"}],"Aces":[{"PrincipalSID":"S-1-5-21-4038953314-3014849035-1274281563-512","PrincipalType":"Group","RightName":"Owns","IsInherited":false},{"PrincipalSID":"S-1-5-21-4038953314-3014849035-1274281563-512","PrincipalType":"Group","RightName":"WriteDacl","IsInherited":false},{"PrincipalSID":"S-1-5-21-4038953314-3014849035-1274281563-512","PrincipalType":"Group","RightName":"WriteOwner","IsInherited":false},{"PrincipalSID":"S-1-5-21-4038953314-3014849035-1274281563-519","PrincipalType":"Group","RightName":"GenericAll","IsInherited":true},{"PrincipalSID":"CORP.COM-S-1-5-32-544","PrincipalType":"Group","RightName":"WriteDacl","IsInherited":true},{"PrincipalSID":"CORP.COM-S-1-5-32-544","PrincipalType":"Group","RightName":"WriteOwner","IsInherited":true}],"ObjectIdentifier":"C1B23C09-BEC8-4401-AEDB-D9262CBC6388","IsDeleted":false,"IsACLProtected":false}],"meta":{"methods":29695,"type":"ous","count":9,"version":5}}