﻿{"data":[{"Properties":{"domain":"CORP.COM","name":"CLIENT251.CORP.COM","distinguishedname":"CN=CLIENT251,OU=WORKSTATIONS,OU=CORPCOMPUTERS,DC=CORP,DC=COM","domainsid":"S-1-5-21-4038953314-3014849035-1274281563","highvalue":false,"samaccountname":"CLIENT251$","haslaps":false,"description":null,"whencreated":1578955037,"enabled":true,"unconstraineddelegation":false,"trustedtoauth":false,"lastlogon":1674574443,"lastlogontimestamp":1674566251,"pwdlastset":1674567150,"serviceprincipalnames":["TERMSRV/CLIENT251","TERMSRV/client251.corp.com","RestrictedKrbHost/CLIENT251","HOST/CLIENT251","RestrictedKrbHost/client251.corp.com","HOST/client251.corp.com"],"operatingsystem":"Windows 10 Pro","sidhistory":[]},"PrimaryGroupSID":"S-1-5-21-4038953314-3014849035-1274281563-515","AllowedToDelegate":[],"AllowedToAct":[],"HasSIDHistory":[],"Sessions":{"Results":[],"Collected":true,"FailureReason":null},"PrivilegedSessions":{"Results":[{"UserSID":"S-1-5-21-4038953314-3014849035-1274281563-1103","ComputerSID":"S-1-5-21-4038953314-3014849035-1274281563-3101"},{"UserSID":"S-1-5-21-4038953314-3014849035-1274281563-1103","ComputerSID":"S-1-5-21-4038953314-3014849035-1274281563-3101"}],"Collected":true,"FailureReason":null},"RegistrySessions":{"Results":[],"Collected":false,"FailureReason":"The network path was not found.\r\n"},"LocalAdmins":{"Results":[{"ObjectIdentifier":"S-1-5-21-4038953314-3014849035-1274281563-512","ObjectType":"Group"},{"ObjectIdentifier":"S-1-5-21-4038953314-3014849035-1274281563-1103","ObjectType":"User"}],"Collected":true,"FailureReason":null},"RemoteDesktopUsers":{"Results":[],"Collected":true,"FailureReason":null},"DcomUsers":{"Results":[],"Collected":true,"FailureReason":null},"PSRemoteUsers":{"Results":[],"Collected":true,"FailureReason":null},"Status":null,"Aces":[{"PrincipalSID":"S-1-5-21-4038953314-3014849035-1274281563-512","PrincipalType":"Group","RightName":"Owns","IsInherited":false},{"PrincipalSID":"CORP.COM-S-1-5-32-548","PrincipalType":"Group","RightName":"GenericAll","IsInherited":false},{"PrincipalSID":"S-1-5-21-4038953314-3014849035-1274281563-512","PrincipalType":"Group","RightName":"GenericAll","IsInherited":false},{"PrincipalSID":"S-1-5-21-4038953314-3014849035-1274281563-526","PrincipalType":"Group","RightName":"AddKeyCredentialLink","IsInherited":true},{"PrincipalSID":"S-1-5-21-4038953314-3014849035-1274281563-527","PrincipalType":"Group","RightName":"AddKeyCredentialLink","IsInherited":true},{"PrincipalSID":"S-1-5-21-4038953314-3014849035-1274281563-519","PrincipalType":"Group","RightName":"GenericAll","IsInherited":true},{"PrincipalSID":"CORP.COM-S-1-5-32-544","PrincipalType":"Group","RightName":"WriteDacl","IsInherited":true},{"PrincipalSID":"CORP.COM-S-1-5-32-544","PrincipalType":"Group","RightName":"WriteOwner","IsInherited":true},{"PrincipalSID":"CORP.COM-S-1-5-32-544","PrincipalType":"Group","RightName":"GenericWrite","IsInherited":true}],"ObjectIdentifier":"S-1-5-21-4038953314-3014849035-1274281563-3101","IsDeleted":false,"IsACLProtected":false},{"Properties":{"domain":"CORP.COM","name":"DC01.CORP.COM","distinguishedname":"CN=DC01,OU=DOMAIN CONTROLLERS,DC=CORP,DC=COM","domainsid":"S-1-5-21-4038953314-3014849035-1274281563","highvalue":false,"samaccountname":"DC01$","haslaps":false,"description":null,"whencreated":1565862243,"enabled":true,"unconstraineddelegation":true,"trustedtoauth":false,"lastlogon":1674566239,"lastlogontimestamp":1674566228,"pwdlastset":1674566228,"serviceprincipalnames":["Dfsr-12F9A27C-BF97-4787-9364-D31B6C55EB04/DC01.corp.com","ldap/DC01.corp.com/DomainDnsZones.corp.com","TERMSRV/DC01","TERMSRV/DC01.corp.com","ldap/DC01.corp.com/ForestDnsZones.corp.com","DNS/DC01.corp.com","GC/DC01.corp.com/corp.com","RestrictedKrbHost/DC01.corp.com","RestrictedKrbHost/DC01","RPC/4b10f1df-77e6-4990-9893-24b3d9be4cc4._msdcs.corp.com","HOST/DC01/corp","HOST/DC01.corp.com/corp","HOST/DC01","HOST/DC01.corp.com","HOST/DC01.corp.com/corp.com","E3514235-4B06-11D1-AB04-00C04FC2DCD2/4b10f1df-77e6-4990-9893-24b3d9be4cc4/corp.com","ldap/DC01/corp","ldap/4b10f1df-77e6-4990-9893-24b3d9be4cc4._msdcs.corp.com","ldap/DC01.corp.com/corp","ldap/DC01","ldap/DC01.corp.com","ldap/DC01.corp.com/corp.com"],"operatingsystem":"Windows Server 2016 Standard","sidhistory":[]},"PrimaryGroupSID":"S-1-5-21-4038953314-3014849035-1274281563-516","AllowedToDelegate":[],"AllowedToAct":[],"HasSIDHistory":[],"Sessions":{"Results":[],"Collected":true,"FailureReason":null},"PrivilegedSessions":{"Results":[],"Collected":false,"FailureReason":"ERROR_ACCESS_DENIED"},"RegistrySessions":{"Results":[],"Collected":true,"FailureReason":null},"LocalAdmins":{"Results":[{"ObjectIdentifier":"S-1-5-21-4038953314-3014849035-1274281563-500","ObjectType":"User"},{"ObjectIdentifier":"S-1-5-21-4038953314-3014849035-1274281563-519","ObjectType":"Group"},{"ObjectIdentifier":"S-1-5-21-4038953314-3014849035-1274281563-512","ObjectType":"Group"}],"Collected":true,"FailureReason":null},"RemoteDesktopUsers":{"Results":[],"Collected":true,"FailureReason":null},"DcomUsers":{"Results":[],"Collected":true,"FailureReason":null},"PSRemoteUsers":{"Results":[],"Collected":true,"FailureReason":null},"Status":null,"Aces":[{"PrincipalSID":"S-1-5-21-4038953314-3014849035-1274281563-512","PrincipalType":"Group","RightName":"Owns","IsInherited":false},{"PrincipalSID":"S-1-5-21-4038953314-3014849035-1274281563-512","PrincipalType":"Group","RightName":"GenericAll","IsInherited":false},{"PrincipalSID":"S-1-5-21-4038953314-3014849035-1274281563-526","PrincipalType":"Group","RightName":"AddKeyCredentialLink","IsInherited":true},{"PrincipalSID":"S-1-5-21-4038953314-3014849035-1274281563-527","PrincipalType":"Group","RightName":"AddKeyCredentialLink","IsInherited":true},{"PrincipalSID":"S-1-5-21-4038953314-3014849035-1274281563-519","PrincipalType":"Group","RightName":"GenericAll","IsInherited":true},{"PrincipalSID":"CORP.COM-S-1-5-32-544","PrincipalType":"Group","RightName":"WriteDacl","IsInherited":true},{"PrincipalSID":"CORP.COM-S-1-5-32-544","PrincipalType":"Group","RightName":"WriteOwner","IsInherited":true},{"PrincipalSID":"CORP.COM-S-1-5-32-544","PrincipalType":"Group","RightName":"GenericWrite","IsInherited":true}],"ObjectIdentifier":"S-1-5-21-4038953314-3014849035-1274281563-1000","IsDeleted":false,"IsACLProtected":false}],"meta":{"methods":29695,"type":"computers","count":2,"version":5}}